﻿<?xml version="1.0" encoding="utf-8"?>
<model off_x="0" off_y="0" off_z="0" name="humanoid">
  <part name="head" x="0" y="1" z="0" w="0.4" h="0.4" l="0.4">
    <tex_maps>
      <left x="0.375" y="0.5625" w="0.125" h="0.125" />
      <right x="0.125" y="0.5625" w="0.125" h="0.125" />
      <back x="0.25" y="0.5625" w="0.125" h="0.125" />
      <front x="0" y="0.5625" w="0.125" h="0.125" />
      <down x="0" y="0.6875" w="0.125" h="0.125" />
      <up x="0" y="0.4375" w="0.125" h="0.125" />
    </tex_maps>
  </part>
  <part name="neck" x="0" y="0.75" z="0" w="0.1" h="0.1" l="0.1">
    <tex_maps>
      <left x="0.25" y="0.5" w="0.0625" h="0.0625" />
      <right x="0.25" y="0.5" w="0.0625" h="0.0625" />
      <back x="0.1875" y="0.5" w="0.0625" h="0.0625" />
      <front x="0.125" y="0.5" w="0.0625" h="0.0625" />
      <down x="0.3125" y="0.5" w="0.0625" h="0.0625" />
      <up x="0.3125" y="0.5" w="0.0625" h="0.0625" />
    </tex_maps>
  </part>
  <part name="body" x="0" y="0.35" z="0" w="0.5" h="0.7" l="0.2">
    <tex_maps a="">
      <left x="0.625" y="0.5" w="0.0625" h="0.1875" />
      <right x="0.8125" y="0.5" w="0.0625" h="0.1875" />
      <back x="0.6875" y="0.5" w="0.125" h="0.1875" />
      <front x="0.5" y="0.5" w="0.125" h="0.1875" />
      <down x="0.5" y="0.6875" w="0.125" h="0.0625" />
      <up x="0.5" y="0.4375" w="0.125" h="0.0625" />
    </tex_maps>
  </part>
  <bone name="left arm">
    <part name="left arm up" x="0.325" y="0.4" z="0" w="0.15" h="0.6" l="0.2">
      <tex_maps>
        <left x="0" y="0.0625" w="0.0625" h="0.125" />
        <right x="0.125" y="0.0625" w="0.0625" h="0.125" />
        <back x="0.0625" y="0.0625" w="0.0625" h="0.125" />
        <front x="0.1875" y="0.0625" w="0.0625" h="0.125" />
        <down x="0.1875" y="0" w="0.0625" h="0.0625" />
        <up x="0.1875" y="0.1875" w="0.0625" h="0.0625" />
      </tex_maps>
    </part>
    <part name="left arm down" x="0.325" y="-0.2" z="0" w="0.15" h="0.6" l="0.2">
      <tex_maps>
        <left x="0" y="0.3125" w="0.0625" h="0.125" />
        <right x="0.125" y="0.3125" w="0.0625" h="0.125" />
        <back x="0.0625" y="0.3125" w="0.0625" h="0.125" />
        <front x="0.1875" y="0.3125" w="0.0625" h="0.125" />
        <down x="0.1875" y="0.4375" w="0.0625" h="0.0625" />
        <up x="0.1875" y="0.25" w="0.0625" h="0.0625" />
      </tex_maps>
    </part>
    <pivot name="left shoulder" x="0" y="0.6" z="0" rot_x="40" rot_y="0" rot_z="0" />
  </bone>
  <bone name="right arm">
    <part name="right arm up" x="-0.325" y="0.4" z="0" w="0.15" h="0.6" l="0.2">
      <tex_maps>
        <left x="0.3125" y="0.0625" w="0.0625" h="0.125" />
        <right x="0.4375" y="0.0625" w="0.0625" h="0.125" />
        <back x="0.375" y="0.0625" w="0.0625" h="0.125" />
        <front x="0.25" y="0.0625" w="0.0625" h="0.125" />
        <down x="0.25" y="0" w="0.0625" h="0.0625" />
        <up x="0.25" y="0.1875" w="0.0625" h="0.0625" />
      </tex_maps>
    </part>
    <part name="right arm down" x="-0.325" y="-0.2" z="0" w="0.15" h="0.6" l="0.2">
      <tex_maps>
        <left x="0.3125" y="0.3125" w="0.0625" h="0.125" />
        <right x="0.4375" y="0.3125" w="0.0625" h="0.125" />
        <back x="0.375" y="0.3125" w="0.0625" h="0.125" />
        <front x="0.25" y="0.3125" w="0.0625" h="0.125" />
        <down x="0.25" y="0.4375" w="0.0625" h="0.0625" />
        <up x="0.25" y="0.25" w="0.0625" h="0.0625" />
      </tex_maps>
    </part>
    <pivot name="right shoulder" x="0" y="0.6" z="0" rot_x="-40" rot_y="0" rot_z="0" />
  </bone>
  <bone name="left leg">
    <part name="left leg up" x="0.175" y="-0.3" z="0" w="0.15" h="0.6" l="0.2">
      <tex_maps>
        <left x="0.5" y="0.0625" w="0.0625" h="0.125" />
        <right x="0.625" y="0.0625" w="0.0625" h="0.125" />
        <back x="0.5625" y="0.0625" w="0.0625" h="0.125" />
        <front x="0.6875" y="0.0625" w="0.0625" h="0.125" />
        <down x="0.6875" y="0" w="0.0625" h="0.0625" />
        <up x="0.6875" y="0.1875" w="0.0625" h="0.0625" />
      </tex_maps>
    </part>
    <part name="left leg down" x="0.175" y="-0.9" z="0" w="0.15" h="0.6" l="0.2">
      <tex_maps>
        <left x="0.5" y="0.3125" w="0.0625" h="0.125" />
        <right x="0.625" y="0.3125" w="0.0625" h="0.125" />
        <back x="0.5625" y="0.3125" w="0.0625" h="0.125" />
        <front x="0.6875" y="0.3125" w="0.0625" h="0.125" />
        <down x="0.6875" y="0.4375" w="0.0625" h="0.0625" />
        <up x="0.6875" y="0.25" w="0.0625" h="0.0625" />
      </tex_maps>
    </part>
    <pivot name="left pelvis" x="0" y="0" z="0" rot_x="-40" rot_y="0" rot_z="0" />
  </bone>
  <bone name="right leg">
    <part name="right leg up" x="-0.175" y="-0.3" z="0" w="0.15" h="0.6" l="0.2">
      <tex_maps>
        <left x="0.8125" y="0.0625" w="0.0625" h="0.125" />
        <right x="0.9375" y="0.0625" w="0.0625" h="0.125" />
        <back x="0.875" y="0.0625" w="0.0625" h="0.125" />
        <front x="0.75" y="0.0625" w="0.0625" h="0.125" />
        <down x="0.75" y="0" w="0.0625" h="0.0625" />
        <up x="0.75" y="0.1875" w="0.0625" h="0.0625" />
      </tex_maps>
    </part>
    <part name="right leg down" x="-0.175" y="-0.9" z="0" w="0.15" h="0.6" l="0.2">
      <tex_maps>
        <left x="0.8125" y="0.3125" w="0.0625" h="0.125" />
        <right x="0.9375" y="0.3125" w="0.0625" h="0.125" />
        <back x="0.75" y="0.3125" w="0.0625" h="0.125" />
        <front x="0.875" y="0.3125" w="0.0625" h="0.125" />
        <down x="0.75" y="0.4375" w="0.0625" h="0.0625" />
        <up x="0.75" y="0.25" w="0.0625" h="0.0625" />
      </tex_maps>
    </part>
    <pivot name="right pelvis" x="0" y="0" z="0" rot_x="40" rot_y="0" rot_z="0" />
  </bone>
  <pivot name="spine" x="0" y="0" z="0" rot_x="0" rot_y="0" rot_z="0" />
</model>